{"cameraMode":{"drawMode":0,"name":"Shaded","section":"Shading Mode"},"sceneLighting":true,"audioPlay":false,"sceneViewState":{"m_AlwaysRefresh":false,"showFog":true,"showSkybox":true,"showFlares":true,"showImageEffects":true,"showParticleSystems":true,"showVisualEffectGraphs":true,"m_FxEnabled":true},"in2DMode":false,"pivot":{"x":-0.31286823749542239,"y":-49.63884735107422,"z":-21.12152862548828},"rotation":{"x":-0.007904984056949616,"y":0.879408597946167,"z":-0.4764186143875122,"w":-0.012925268150866032},"size":49.587833404541019,"orthographic":false}